tested_word,chan_pos,reddit_pos,chan_neg,reddit_neg
jew,human: 0.08,human: 0.27,monster: 0.31,monster: 0.32
jews,human: 0.19,human: 0.28,monster: -0.03,monster: -0.0
black,good: 0.05,good: 0.11,bad: 0.1,bad: 0.2
blacks,human: 0.29,human: 0.25,monster: -0.11,monster: -0.09
nigger,human: 0.1,human: 0.07,monster: 0.26,monster: 0.14
niggers,human: 0.16,human: 0.05,monster: -0.0,monster: -0.01
jewish,good: 0.09,good: 0.1,bad: 0.12,bad: 0.24
fuck,love: 0.26,love: 0.28,hate: 0.26,hate: 0.36
fucks,love: 0.05,love: 0.1,hate: 0.05,hate: 0.25
shit,human: -0.09,human: 0.16,monster: 0.16,monster: 0.32
shits,human: -0.14,human: -0.03,monster: 0.08,monster: 0.1
fucking,good: -0.05,good: 0.03,bad: 0.08,bad: 0.2
kill,love: 0.3,love: 0.23,hate: 0.4,hate: 0.3
kills,love: 0.24,love: 0.1,hate: 0.32,hate: 0.17
christian,good: 0.14,good: 0.1,bad: 0.1,bad: 0.17
muslim,good: 0.0,good: 0.04,bad: 0.05,bad: 0.17
israel,human: 0.07,human: 0.16,monster: -0.04,monster: -0.06
attack,human: -0.07,human: 0.27,monster: 0.03,monster: 0.36
god,human: 0.11,human: 0.12,monster: 0.29,monster: 0.31
nation,human: 0.29,human: 0.5,monster: 0.07,monster: 0.19
fight,human: 0.01,human: 0.22,monster: 0.0,monster: 0.33
kike,human: 0.04,human: -0.07,monster: 0.24,monster: 0.21
kikes,human: 0.05,human: 0.09,monster: 0.01,monster: 0.08
rape,love: 0.14,love: -0.04,hate: 0.15,hate: 0.16
die,love: 0.2,love: 0.2,hate: 0.19,hate: 0.24
dies,love: 0.11,love: 0.07,hate: 0.05,hate: 0.12
gun,human: 0.09,human: 0.3,monster: 0.05,monster: 0.32
communist,good: -0.03,good: 0.12,bad: 0.04,bad: 0.21
murder,human: 0.19,human: 0.3,monster: 0.03,monster: 0.14
kid,human: -0.01,human: 0.24,monster: 0.36,monster: 0.4
liberal,good: 0.07,good: 0.17,bad: 0.14,bad: 0.27
crime,human: 0.24,human: 0.36,monster: -0.01,monster: 0.18
crimes,human: 0.14,human: 0.23,monster: -0.09,monster: 0.01
destroy,love: 0.23,love: 0.27,hate: 0.26,hate: 0.29
racist,good: 0.2,good: 0.29,bad: 0.37,bad: 0.45
illegal,good: 0.07,good: 0.2,bad: 0.19,bad: 0.25
african,good: -0.02,good: 0.01,bad: -0.02,bad: 0.13
hitler,human: 0.03,human: 0.24,monster: 0.17,monster: 0.2
german,good: 0.07,good: 0.12,bad: 0.04,bad: 0.17
death,human: 0.09,human: 0.25,monster: 0.14,monster: 0.26
enemy,human: 0.16,human: 0.25,monster: 0.12,monster: 0.34
european,good: 0.04,good: 0.1,bad: 0.05,bad: 0.14
faggot,human: -0.03,human: 0.14,monster: 0.27,monster: 0.25
faggots,human: -0.09,human: -0.01,monster: 0.09,monster: -0.01
leftist,good: -0.01,good: 0.08,bad: 0.05,bad: 0.2
nazi,human: 0.04,human: 0.28,monster: 0.23,monster: 0.21
nazis,human: 0.08,human: 0.27,monster: 0.11,monster: 0.05
cuck,human: -0.08,human: 0.19,monster: 0.25,monster: 0.23
