"Welcome back lovelies...So excited to be back, I want to say hi and visit all your pages but  and company is still working out the kinks...Missed you kids most of all!! üòò"
"Fact Check the Nation with Mcfeels and Halberstram

"
"Somthing to listen to while planning RWDS.

"
"Alright, kids.

We're back on top of the world.

"
"I HATE KIKES. I HOPE THEY ALL BULLDOZE THEMSELVES INTO A MASS GRAVE.

#FuckKikes"
"I just want to say that no criticism I would ever make would be intended to belittle a fellow right wing activist. 

No one but us knows how hard it is to put yourself out there, and there is always respect for that no matter what the disagreements might be. "
"Live on clearnet.



Daily Stormer lives forever. "
"Because I'm busy running the most popular pro-white publication that has ever existed in history, for one. 

For another, I'm totally not convinced that racial grievance marches are of prime importance. They are certainly nowhere near as important as DS. "
".ai just got kiked.

19 days is a record.

Here now:



Give us a minute or a couple hours or something.

We'll be back. Watch this spot.

We're also getting closer to a permanent solution. Believe that. "
"The Weinstein #JewGate explosion combined with all the lovely comments beneath Sarah Silverman's latest trainwreck, combined with Bitcoin's 5K Surge has made this quite a Splendid few days. "
"Reminder that Rose McGowan's last big role was in a Weinstein distributed film involving her getting brutally slaughtered by a dude in a car. After it flopped, she hit the wall harder than she hit the dashboard. Gee, wonder why she's so butthurt all of a sudden?"
"It's time to take shit to the next level.

#StormerBookClub #DarkwebForum"
"I am officially going to begin turning Stormer Book Clubs into a decentralized activist group. 

"
Always.
"I just want the Gab we had before, where I can praise Torba as a hero defending free speech. 

Especially with this Google suit. 

I want to be able to stand behind him 100%, fight for him and beside him, fundraise for him all with a clean conscience. 

In the name of real AMERICAN values."
"Here's my statement on Gab. 

This is very sad to me. Gab was something I thought I was really going to be able to fight for, and fight along side. 

Now it's already over. 

"
"#FreeWeev

You blew it 

Free speech so long as its not too upsetting or edgy eh? Nothing weev said was illegal and is protected speech under law. It's clear though that Torba doesn't want to actually protect free speech.

You either have free speech or you don't. Apparently Gab DOESN'T."
"The movement needs to viciously punish #ramzpaul and drive him under a rock where he never ever shows his face again.

Funny how the guy who isn't banned on Kike platforms calls everyone else a shill..."
"In his tweet, he tagged the FBI. So this was a threat to sic law enforcement on Gab. 

And perhaps they acted hastily without thinking it through. And now they've got themselves in a situation where they can no longer claim to support protected speech. 

Why would you threaten people with the FBI?"
"So: 

&gt;Vox tells people to report Gab registrar
&gt;Registrar gives Gab 5 days
&gt;Ram lies about illegality of post, calls in FBI
&gt;Gab panics, deletes post, loses free speech high ground
&gt;Now stuck with no registrar, no mandate
&gt;Anti-Google lawsuit DOA
&gt;Gab without website

With friends like these..."
I don't believe Weev's post expresses much of anything that JFK hasn't been worshipped for saying.
"Personally I find that post inoffensive. 
Suspension was overkill. 
"
"At a (beautiful) white on white wedding. Whether by accident or design all the race mixers are at one table in the corner.

Everyone is being polite but you can tell nobody likes the nigger fuckers."
"Well guys. 

The appearance on Israeli TV paid off. 

They gave us a domain. 



Bibi himself called me and was like ""if we don't know where we've gone wrong, how can we fix ourselves? We need you to tell us."" 

WHOA. 

We just hit THE REAL SHIT, BRO. "
"Please support the Daily Stormer on Hatreon. 

We are trying to get on the surface web, keeping live on the darkweb, printing out a paper version... everything is happening. 

The future is happening.

Every bit helps. 



Use this code to sign-up. 

OLCRGFRQBOEX

HV"
"I'm not getting banned. 

The Verge is acting like people are still pissed at  



Anyone still pissed is confused. What he did was fucking brilliant. "
"After the shuttening, my goal is to make the site better than it ever was before in order to balance it out. 

I promise you that even if we cannot stay on the surface web, we're going to have more readers and more cultural influence in the next year than we ever had before. 

Hail Victory."
"The FO are a caricature of (White) Fascists but unlike in the originals its apparent they don't want them to be ""too cool"" which is why (again unlike the originals) all main male First Order characters are written extremely petulant. They used to just write them as military men instead of as a joke."
I still watch them even though a lot of things bug me. They're the only Jew movies I'll still go to the theatre for. So long as I'm rooting for the First Order I can still sort of square it in my mind. 
Follow  if you want to see exactly what the state of free speech is.
"I used to like Star Wars when it wasn't just for faggots, niggers and women.

#PalpatineDidNothingWrong"
It's more a soap and lampshades kind of place.
I'm here because I was told there would be punch and pie?
This is set to be a great year for the alt right thanks to all the exposure we get from our enemies. Also the way the left calls everyone a nazi over everything has diluted the power of that term to such a degree that many are open to our Ideas who would never have been before.
"Every single day: Refugee puff piece, Transgender degeneracy, Women are super strong but need gubmint protection, Conservatives are evil, Trump is Hitler
Every single day."
"Your pants are kiked as all hell, bro. "
"FAIRImmigration 

MYTH: DACA is a program for ‚Äúkids.‚Äù 
FACT: DACA is a jobs program for illegal aliens who are mostly in their 20s and 30s. 
#EndDACA

"
Always gotta be on the lookout for the cryptos.
"However you slice it, Heather Heyer's fat mama is responsible for all of our present troubles. 

She could have: 

a) had an abortion

b) fed her child less so she'd been able to dodge that Dodge

instead, he fat slut daughter destroyed our freedoms. 

We need to hold her responsible. "
" Oh neat. I didn't realize until just now that Jewish Lauren Southern is on Gab. 

#RebelOyVey #GasEzraTheKike #LampshadesForLoomer"
"Every 1488er I know does their utmost to eschew violence in favor of discussion. It's ALWAYS communists and anarchists committing the physical assaults

#SpeakFreely"
I dunno Stefan. How about you talk about the end of free speech on the Internet instead of cucking like a wimp and betraying yourself as without principle?
"This is the way the left sees it though. The only forms of speech being suppressed with a sledgehammer are pro white, race realist and anti semitic speech

(((They))) see anyone supporting free speech as endorsing one of the above because that is the speech (((they))) are trying to silence."
"Welcome to the basket of deplorables!

#TuckersTorbans"
"Welcome Tuckers Torbans!

"
"Well shit. If promoting free speech is white nationalism, then you can call me a proud white nationalist. "
"Colonialism Did Not Make Africa Poor Or Europe Rich

"
"I have written a blog on yesterday's strange events. 

"
You don't win a war against jews by capitulating to them.
"What Torba should have done: 

-Immediately presented the letter

-Explained the meme had to be temporarily removed to keep registrar from stealing domain

-Presented a plan to develop a free speech registrar

Instead, he falsely claimed a ToS violation. 

I did nothing wrong and am not a snowflake."
"Snek does not exist 

Snek is the conspiracy 

Snek is legend 

Snek does not exist 

I am snek

We are all snek 

Snek does not exist 

Snek never dies

Victory belongs to snek

Snek does not exist

Snek lives

Snek is everywhere

I am snek

We are all snek

Snek does not exist

Snek is everywhere "
"Ok I was defending  at first but no longer am

If I post a message ""You should bring Andrew Anglin on your show"" on Stef's Youtube videos, the message doesn't show. But if I post the message on Colin Flaherty's channel, it shows up"
lol wtf is going on? 
WHAT THE FUCK. 
"Okay. Well. That's it. 

This shit has just gotten too insane for me to process. 

I'm taking a nap. "
"Yes. 

By refusing to even mention the first person banned from the internet,  has proved that his entire supposed ideology is nothing more than a hoax. 

It's sad, because I had believed him to be genuine for many years.

But there is no other conclusion to be drawn here. "
"The Constitution is not ""outdated."" It is simply that the Jews took over and refused to apply it as it was meant to be applied.

The Founding Fathers would have supported the Daily Stormer. There is no way to look at what they wrote and not come to that conclusion. 

America was a people. "
"Dear World Countries:

I have been banned from the internet in the US. 

Do you want to take revenge on the US by demonstrating their vile hypocrisy? 

Then have I got a deal for you: give me a domain in your country. 

Together we can prove that the US claim to be a free country is a lie. 

Thanks,"
" What is the best way to browse Tor on android?
"
"Since the event, Reddit has been banning anyone who asks for the autopsy. 

Eventually, James Fields will get off on reckless driving and we'll all know Heyer died of an unrelated heart attack, but it will be too late. "
 because commies get off on destroying societies without having the slightest clue how to successfully build them.
"There is PLENTY of evidence for genetic differences in intelligence, temperment et al between the races and genders. You just can't point it out without getting accused of being one of us."
"When youre talking about NS and people just chant about how you must want to kill all the Jews. I don't but saying that never solves anything so some of us just get a lil belligerent on the return and say ""hell ya gas the kikes"" when in really we're just fed up of defending against the accusation."
The a la carte gender identity movement had a part to play in pushing me into NS
Socialism works only with tribal in groups who have a vested interest in contributing to the nation. It can never work in a multicultural one with fractious identity politics.
" ""TAKE YOUR HANDS OFF THE CONTROLS, STEP BACK, DROP THE MONEY, AND PROCEED TO THE NEAREST EXIT""

In a nutshell... yes."
"Organizations necessarily congeal into hierarchies, the people at the top naturally resist challenges from below. Crucial to avoid premature organizing, and rigid structures, lest inferior people be placed in positions of responsibility and prevent superior people from rising to replace them. "
"One cannot create a political organization out of people who are not of one mind about who they are, what they are doing, and why."
"I need white guilt because the only way we can have peace in this world is if white people are shamed into thinking they're a cancer to humanity.

#ItsBadForYa "
"Coming to a Western nation near you.



#swedistan #migrants #sharia"
"#MakeAMovieIslamic

Sand Brown and the 72 Virgins
"
"Just gave 10 bucks to someone down on their luck with a sign ""worked my whole life. welfare is a joke"" when I put in the money I said ""welfare is only a joke because you're white and you were born here"" and the man had to hold back tears."
I love real discussions with those I disagree with. Many automatically think I hate non whites (i dont) and that I want to murder all the Jews (i dont) I had always hidden my views because I was never free to express them. Thanks #Gab for open debate and #Gabfam youre welcome to challenge my views.
"I need Communism because I seriously feel like I shouldn't have to work as hard as the next person and I want free everything.

#ItsBadForYa "
"I need white privilege because I don't want to lose my invisible knapsack of magical rights and privileges that makes me totally untouchable in any given situation.

#ItsBadForYa"
"76 year old veteran kills himself in VA parking lot after being denied treatment.

"
"I need diversity because living in a homogeneous community that shares the same culture, identity, and heritage would ultimately lead to another mass-lampshading of Jews.

#ItsBadForYa"
"I need open borders because I refuse to live in a country that actually believes it has the right to preserve itself or protect its citizens from external threats since that would be racist.

#ItsBadForYa"
"I need political correctness because I don't want to live in a society that tells the truth because it might hurt my feelings.
#ItsBadForYa"
"I need affirmative action because I think that ending racial discrimination at the work place can only be achieved by using racial quotas to determine who gets the job.
#ItsBadForYa"
"I need illegal immigration because the only way to make my country better is to allow infinity third world people to invade it and exploit its welfare system.
#ItsBadForYa"
"I need multiculturalism because a bunch of globalists told me that my culture is inferior and needs to be enriched.
#ItsBadForYa"
"

#TruthIsNotHate"
In boundless love as a Christian and as a man I read through the passage which tells us how the Lord at last rose in His might and seized the scourge to drive out of the Temple the brood of vipers and adders. 
"I have no duty to allow myself to be cheated, but I have the duty to be a fighter for truth and justice."
"#HillaryClintonSearchTerms

Potpourri colostomy bag."
 Stalin and Communism don't have any R's. Check mate right wingers.
"The left can keep their blue haired landwhales. #FarRightWomen #altright #1488ladies

"
"The dark army of /pol/

"
 it's true. Sadly due to this fact... i wuz not kangz
 probably not but there's a lot I don't understand... Like stealing hair weaves to fight racism.
"I'm sure a sign saying the reverse would go over just fucking dandy.

"
"Feminism is just one head of the hydra. An assault on the white Christian family structure. But this is #Gab so you know that already.

Christianity being rendered impotent resulting from erosion of values in face of tolerating degeneracy / hostile forces. It is time for a shift back to strength."
Culture is the manifestation of the average values of individuals across a group and not a represenation of the few exceptional examples.
"
The so called academics want to convince the world that whiteness is wrong. Do you desire to love, protect, nurture and be with your own white people? WRONG! Well to hell with that. Check your white guilt at the door. Break the (((conditioning))) and stand with your people. #AltRightHateSpeech"
 White people problems.
"
My favorite song for the last while. (Other than the Uber Alles)

#AltRightHateSpeech"
"If every story about migrant boats replaced the words ""rescued"" and ""survived"" with ""sunk"" and ""died"" you'd actually have some pretty uplifting stories on your hands.

#deportislam"
"Does anyone else still believe that horseshit Schlomo told you about gas chambers in Poland 75 years ago?

#holohoax"
 and then took his place.
"If the problem is cancer you're not gonna get the right help if they diagnose you with Tuberculosis. If the problem is government militarization of the police, then it won't get solved by being diagnosed as racism."
What if feminists just have a severe rape fetish and helped create the migrant crisis because they couldn't find enough whites and asians to hold them down against their wills? 
"Boys have a penis and girls have a vagina.

#AltRightHateSpeech"
 the fact that they have to silence opinions they disagree with shows how weak the foundation of their ideas are to begin with. If one really thinks their opponent has bad ideas they should advocate having the right to speak. I know the best argument against SJWs is simply listening to them.
"This time in last years current year Canada was denying housing to paraplegics for not being muslim.

"
"The full weight of the systems of groupthink, social conditioning, fear and guilt have targeted us. Most whites would rather see their people vanish than risk being called a nazi by institutions literally rooting for their destruction."
Socialism only works in ethnically homogeneous monocultures. With disparate groups who use services at different rates and have different beliefs (many of which revolve around being victims of the majority who pays into it the most) then the whole system breaks down.
(((Globalists))) destroy nations. Nationalists save them.
"Jews did Alderaan. Superlazers can't melt planet cores. (((Bail Organa))) (Formerly Haim Organastein)  took out a double insurance policy on the planet shortly before the Empire ""attacked"" them."
People instinctively care for their in group and lose little sleep over others. (((Cultural conditioning))) has only made the slightest dent in this. If all the pro diversity programs were to end tomorrow the natural human inclination to favor our own groups would return as strong as it ever was.
What's the difference between a moderate muslim and a muslim extremist? A muslim extemist will chop your head off where as a Muslim moderate will get a Muslim extremist to chop your head off.
"Adolf Hitler: Father of the Jewish state of Israel.
Yet I'm not sensing any gratitude. SAD."
"Sandy Hook was a psy op. I'll be the first to say the vast majority of mass shootings are pretty much how they are described officially.... that one however... total hoax.
#HillarysAltRightSpeech"
The useful idiots will be the first ones to go when the 'utopia of equality' is achieved.
Nothing says German efficiency like burying hundreds of thousands of corpses directly next to your only source of drinking water and then having to dig them all up again because you just couldnt be bothered to figure out the finer details of your industrialized murder plan.
 #MAGA hats beat prayer mats
Safety nets are for catching people from a fall; they are not for use as a hammock by people who never got off the ground.
Remember that the migrant crisis is barely a year old and people like Merkel have gone from high approval to high disapproval in this short time. Also that is not approval that can be won back by any method other than the methods they refuse to look at.
Tribalism is hard wired. There will always be your group and the others. Always.
"How necessary is to eliminate an era whose educational system is capable of breeding such personalities, sustaining them, and granting them political influence."
"Since when does the fox not kill the defenseless goose just because the goose is not aggressive by nature, and since when does a wolf become a pacifist because sheep do not wear armor? "
It's one of the hardest red pills to swallow but it's true. Hitler and the National Socialists... if anyone can be called this in WW2... were the good guys. #nazitruth
I really hope this trend of blacks demanding segregation continues. #separatetheraces
Any time anybody says 'it's not going to happen' just remember that (((they))) laughed at the Fuhrer and the little fringe he helped start in 1920. In 1933 (((they))) weren't laughing anymore. A few years can change everything.
"We Live n an insane Asylum where honorable Whites,racially conscious want 2 protect their girls R denounced,made into unemployable pariahs,whereJewsR paidmillions of $ 4 committing unspeakable actsof psychological&amp;sexual abuse aimed directly at innocent girls&amp;women &amp; Jews R legally untouchable.This"
"Commander George Lincoln Rockwell explains the ideology of National Socialism. #NatSoc #1488 #NationalSocialism #NazisAreTheGoodGuys

"
"This is the woman responsible for the YouTube purge.

Her grandparents are of Russian Jewish descent.

Does that mean that the Russians are hacking the next election for the democrats?"
"Yes, I am also using kek.gg to upload the #Samizdat. 

This might be easier for you. I hope it is. 

Please remember to download and spread these #Samizdat to everyone, everywhere. 

We are working on a weekly printable Bittorrent version of the publication."
"So if anyone wants to offer me a registrar, I can provide my own DNS and you will make millions in free advertisement. 

I can't believe no one has done this yet. And the fact that they haven't certainly implies that this is ICANN's problem. "
"

I'd rather scrap the UN to preserve freedom of speech."
"My first post on my new personal blog. 



It's time to just explain this stuff to the normies in normie language. "
Tor kiddie porn lovers bicker about need to stop Daily Stormer before we stop their kiddie porn. 
"&gt;a supportive environment where boylovers, girllovers, and others interested in childlove can share thoughts, opinions, feelings, and experiences?

Sure, no problem.

&gt;edgy fat joke? 

Get the fuck off of my systems, racist. "
"Leftist Cuck Takes Gas Canister to the Ovaries, Blames Trump



#Samizdat is for SHARING!"
"There is no public debate. 

It is just this guy lecturing you about how maybe he was wrong to do this, but oh, really he made the right decision and oh, the government just needs to pass hatespeech laws. "
"
So you really can't block people who spam your comments section. 

Huh. 

That is really hardcore,  

That is taking ""people have a right to say whatever they want"" to ""people have a right to break into your home and scream at you while your sleeping and then just keep screaming."" "
"I'm very thankful to be hosted here and I'm proud to be a stockholder. If gab ever gets kiked and  needs a place to post, he can have a page on DS. "
"Matthew ‚ÄúPedo- Provider‚Äù Prince and the Plan to Put a Jew Council in Charge of Internet Speech

"
"Andrew, I'm getting many emails about this. Not the invite thing, but that people are having trouble signing up. 

Details unclear. "
"Valerie Plame Launches $1 Billion GoFundMe to Buy Twitter So She can Ban Donald Trump

"
"Hitler-Worshiping Soap Dispenser Refuses to Consider Blacks Human

"
"Oz: Homo Marriage Vote Disrupted by ‚ÄúLiteral Nazis‚Äù

"
"THE DAILY STORMER IS NOT BANNED BECAUSE SPEECH ‚Äì THEY KILLED 200 PEOPLE!!!!!1111

"
"Tucker SMOTHERS an ANTI-STORMER HOMOSEXUAL LAWYER...



Links:

"
"Queen Ann Joins Support Base of Daily Stormer!

"
"Here is the samizdat of the Enom/Godaddy pedophile support article. 

Apparently the screenshot got lost yesterday. 

Spread it everywhere. 

"
"This is the summation of the Jewish argument as a Gab. 

If I'm an incitement issue, then why have I not been charged with a crime? 

The point here is that my content is Constitutionally protected, but I allegedly don't have FA rights because ""muh free market, muh private company decisions."" "
" When are we going to get your ""what pisses me off about the shutdown of dailystormer"" ?

Tucker Carlson had the balls to dedicate 3/4 of a whole show to the topic. WHERE ARE YOU?

The first major practical salvo against the neutrality of the web ane you've been silent. Why?"
"I want to reiterate that I am shocked that AJ, Molyneux and others on the right are not openly coming to my defense. Only Tucker has. 

This is coming for all of you next. 

This is that ""first they came for the ... and I didn't say anything..."" quote - only unlike the Holocaust, it's real. "
"Please continue to spread the fact that I am on here, giving updates. Tell everyone. 

I am going to start doing podcasts this week. Heavily. And writing on the dark site and posting screenshots here. "
"Status: with .lol down, we've got a few more things to try, then we're going to have to make the darknet site stable until we can work out a much more complicated solution. 

Please do send BTC. 

This is going to get very expensive. 

16JAUnuvxQ6BdfX4DwsEVTWgd3a8oitu8h"
"Finally, we are live.

Http://dailystormer.lol

Fuck all of these people. 

And thank you to  Saviors of free speech.

New articles incoming. Forum also incoming."
"Are we discussing redpilling techniques or the what we stand for?
The AltRight can't deny being white nationalists. That is our raison d'aitre."
"25th out of 11,569 Most Popular History Documentaries on IMDb. 
Not on TV
Not in the Cinema. 
Not in the shops. 
Banned on all social media platforms &amp; censored worldwide. 



"
"Not sure what the conversion is for soap but I think 1 lampshade is equivalent to at least 2 mattresses filled with jew hair.

#jews #lampshades #soap #mattresses #jewhair"
"The only way to win is not to play. In this case, 'not playing' means either not giving a shit about Nazis at all, acting like an ironic Nazi or becoming a literal National Socialist.

I know my choice but I will gladly fight alongside all other pro white ideological movements.  
#14words"
". tell Alex to invite me on, I swear I won't do a Duke on him. 

We all have our disagreements about whatever, but one thing that does matter to all of us before everything else is free speech. 

Honestly. Tell him we can talk first, privately, and I will swear on Christ I won't trick him."
We live at a time when Nazis are the defenders of free speech and communists are the defenders of big business.
"Curse you Jew. Curse you.

#gasthekikes "
"I just upgraded to #GabPro. 

I encourage all of my 914 followers to do the same immediately. 

Gab is the last home of free speech on the internet. 

I have effectively been banned by ICANN, as well as the monopolistic anti-ddosing service Cloudflare. Gab is the only platform left. 

#HailGab"
"White people organizing as white people and standing up for themselves is the only thing the current system desperately opposes.

We must fight!"
"I have woken from 14 hours of sleep. 

We are going to get the darkweb site fixed today, and I've also got another idea. 

We will be up and rolling in some shape and form by this afternoon. "
"Daily Stormer featured on Tucker Carlson. 

Defended by Tucker Carlson. 



/ourguy/

#CantCuckTheTuck"
"Everyone sign up to Gab now and follow me so you can see what I'm saying. 

Also, consider signing up to pro. 

I have bought stock in the company. 
"
Andrew Anglin. 
"Folks, I haven'tgabbed in months. With recent events and news I can't help but notice the MASSIVE OPPORTUNITY that has just been created by silicon valley. The valley is openly rejecting half of the US. A second internet will form. So, how does one start a GoDaddy competitor? Lay the groundwork now."
"At Auschwitz, the Germans had a long building. They would march Jews into one end and 5 minutes later shrunken heads, bars of soap, and lampshades came out the other! I only escaped because Ann Frank's ball-point pen wasn't working that day. Given my amazing tale, how can anyone deny the holocaust?"
"Have you guys thought of speaking with TRS and seeing if maybe they can host your vids behind their new paywall? Like, have the content's home on their server only to the paying subscribers BUT available for download by said subscribers who then spam mirrors all over the web. Just thought. 1488!"
"So our new video got shutdown. We're discussing our next moves. Don't worry though, we'll be back soon."
"""Jews had brought Negroes into the Rhineland with the clear aim of ruining the hated white race.‚Äù - Adolph Hitler, Mein Kampf #MAGA #AltRight "
"Oy Vey!

"
Hold them to their own rules. The rules are of course in place to help non whites at the expense of whites however the language of much of these laws can be used in our favor now that is so clear an anti white male axe is being ground.
"there's nothing like the satisfaction of a job well done

"
"Charlottesville City Council Cancels Permit for #UniteTheRight Rally

The corrupt Jewish system is doing everything they can to shut down this rally. 

"
"This movie accurately describes the Jewish problem. Even with the period setting difference all the fundamental issues of the Jewish Question are defined with exceeding clarity. I highly recommend this film to any who have not seen it.  #JudSuss

"
"Paris, back when a woman could walk her dog without being harassed by vagrants, and a motorist could leave his parked convertible with the top down and not worry about it being filled with fast-food wrappers, cigarette butts and other trash when he returned. "
"Christopher Nolan's 'Interstellar' has a lot of seemingly coded white nationalist themes in it.

"
Trannies are good in one respect... Their bullshit is a big part of helping to wake the goyim and probably one of the Jews biggest over-reaches.
This is hate speech
"If the GOPe deep-sixes Trump's immigration bill, that's the cue to burn the motherfucker to the ground. No hostages, no survivors. Just a smoking ruin where the GOPe used to posture, holding their cocktails with little pinky extended."
"Science! - GRIZZLY BEAR : Family: Ursidae, Genus: Ursus, Species: U. arctos ssp.

Science! - POLAR BEAR Kingdom: Family: Ursidae, Genus: Ursus, Species: U. maritimus
^ Can produce fertile hybrid offspring but are not the same species.

(((Science))) - There is no difference between whites and blacks"
The uncanny negro inclination to always escalate every situation away from their best interest never ceases to amaze me.
"The foundation of the Holocaust tale is extermination in homicidal gas chambers. If the gas chamber story isn't true then we shouldn't use the word 'Holocaust' no matter how many other relatively minor instances of brutality might have actually occurred. 

"
"""It was real in my mind""

#LyingYids #Holohoax

"
"Ummm yeah.... #RacismIsRight

"
"#JewsRock

"
This Hitler guy I keep hearing about had some really good ideas...
"Jew pretends to be white to incite hostility towards whites. Typical shenanigans. 

"
"It's Basically Impossible, Goy. Try It.



This guy went from being okay to being a fucking full kike retard faster than anyone I've seen."
 I've heard the name but am less than familiar... thanks for giving me a topic/figure to explore for the day!
 and who was the first to make environmental protection a function of the state? I forget his name but it was some German moustache guy from the 30s
"It is not the evil itself which is horrifying about our times ‚Äì it is the way we not only tolerate evil, but have made a cult of positively worshipping weakness, depravity, rottenness and evil itself. - George Lincoln Rockwell 

#Marxism #Degeneracy #SpeakFreely "
"MFW thinking ahead to #2017

"
There should be no subject in this country that we‚Äôre afraid to discuss ‚Äì especially when it impinges on the security of the United States of America and the White Christian people of the whole world!  #BANislam
"‚ÄúI would like to try to be the president of B‚Äônai B‚Äôrith. If the president of the NAACP, for instance, is a jew I don‚Äôt see why they shouldn‚Äôt have a National socialist as the head of the B‚Äônai B‚Äôrith.‚Äù - Commander Rockwell

#SpeakFreely"
"If you say that the world is controlled by self apointed elites that influence politics, banking, media and academia... you'll be called a progressive.

If you say (((who))) those elites are... you'll be called a Nazi.

#SpeakFreely"
"Leopards dont change spots when you try to housebreak them and turn them into a pet. They may learn to sheathe their claws in order to beg a few scraps off the dinner table, and you may teach him to be a beast of burden, but it doesn't pay to forget that he'll always be a wild animal."
"When Jews, with economic terrorism, jails, bullies and hangmen, scare the White man into laying down and goad him into trying to out-sneak Jewish tyranny, the Jews have completely emasculated the once-strong White man, and doomed him to dishonor and defeat. The White man can NEVER win by sneaking!"
"You're a slave in your own country, White Man. Each year you get to keep less of the fruits of your labor; each year it gets more difficult to carry the burden the aliens have placed upon you; each year the cheap labor of aliens makes your future less secure.

#SpeakFreely #WhiteGenocide #AltRight"
"If we are to be the last of the white men who conquered the world; if we are finally to be overwhelmed by a pack of rats, let us at least face the death of our race as our ancestors faced their death---like MEN.

- George Lincoln Rockwell

#SpeakFreely"
"#Hanukkah gift.

"
"Take a hard look the last 50+ years and ask yourself, ""Is what I  know about Adolf Hitler the unbiased truth?""

#TheManWhoFoughtTheBank #TGSNT #NatSocWillSetUsFree"
"Explains why I love the Empire so much.



#RogueOne #EmpireDidNothingWrong #HailPalpatine #PalpatineVader2024"
"#BanIslam

Because make happy civilization, rat faced pedophile desert savages do not."
"#LiberalLogic

My grandparents fought Hitler so I could call people Hitler for thinking like my grandparents."
I never understood the whole '#Jews made into soap' thing. Like who would want to wash themselves with dead #Jews? Now hair used for mattress stuffing i get... everyone knows mattresses made with Jew hair don't even need springs due the coiled and springy nature of heeb folicles.
The 2 countries that are the most against (((globalization))) are #Russia and #America. The 2 countries the (((globalists))) are trying to make fight each other are #Russia and #America.
 he's got a good vid up just talking about the new Rogue One movie. Makes some pretty level headed points. 
 it's a good number to hit.
" I was being tongue in cheek. I meant '1%' in the way the activist left typically means it, Ie. Those who dominate and control the nation with their wealth. More like the .1 of 1%. "
"If only people could see who the (((1%))) really are.

"
"Drive #Nature out with a pitchfork, she'll come right back, victorious over your ignorant confident scorn.

#NatSocIsNatural"
I'm back. Fuck #Jews
#Hillary thinks she could enforce a no fly zone on Russia when she couldn't even enforce one on her face. #DrainTheSwamp
 gonna be that guy.... there isn't any evidence he said this. 
"Some bored MILF teacher sucking off a 17 year old = Holycaust
A ""doctor"" charging the State $60k to cut off a confused kid's penis = #SocialJustice
"
"Historically, the Jews have failed. This time it will be on a global scale."
"""My stamina is evidenced by my handling of the intense blowback brought on by my colossally bad decision-making"" #Hillary"
Substance is hard. Make believe is fun and has higher profit margins.
"Based #Texas is opting out of the #Muslim #refugee resettlement program! OUTOUTOUT! Good for you lone star state! 

"
#GooglesGonnaGoog
 also keeps us fighting among ourselves unable to notice nation being robbed / those doing the robbing. The meta problem with muslim immigration above all others is it also has the additional effect of pushing people to favor Israel and the (((people))) who push for the migration.
"#Diversity + proximity = conflict
"
"Merkel destroyed the country, and (((they))) are trying to Merkel the US.

Not gonna happen folks.

#Nationalism"
 One of the great stories‚ú°¬Æ of our time. Someone should tell (((Hollywood)))
" 

""How necessary it was to eliminate an era whose educational system was capable of breeding such personalities and sustaining them""

- Some Austrian painter"
"Ban Trump support. Celebrate someone who protected a serial pedophile for decades.

#PennState #LiberalLogic"
Western countries need to realize we're well into identity politics now. If we let ourselves get pozzed out of every election we will only have the two remaining choices of extinction or having to wage perhaps the bloodiest civil wars in world history. 
"Voluntarily ceding political and cultural power is the ultimate foolishness, particularly in an atmosphere of non-White grievance and the hostility towards #Whites, their history and their culture, that is so apparent today. - Kevin MacDonald"
 in Canada (ontario specifically) they're now offering college free to all the welfare cases. (Post secondary is already cheap up here by comparison to USA) Free education just guarantees people will take more stupid liberal arts degrees. Need more #scientists not more #feminists
Forget the nonsense you hear about America's foreign policy being concerned only with the well being of people being oppressed because it's bs. The best way to defeat ISIS and end the war in #Syria would be to back Assad. Obama won't and neither will Hillary because it's not what #Israel wants.
"#Triggered

"
I love Don Jr. but he didn't get the #1488 memo that you 'warm up' ovens not gas chambers. We cool tho.
One #Muslim does not represent a whole religion. But one troll speaks for all Pepes. #LiberalLogic
" Was never much up and up on the media spheres you've inhabited but I just discovered the 2013 #HeilHitila controversy and well quite frankly I want to give you a big hug. 

Very few people have the balls to say what you did in that blogpost.

#Altright #Gab #GabFam"
"#BenGarrison does it again!

"
" And here I was blaming Pepe for the phlegm.

"
 The perks for one year in most of those positions equal or excede the bribes in most cases. Pretty sweet deal for them. Too bad Trump's gonna end that gravy train.
 Regular Joes only get a T-shirt but regular Janes get a 'date' with Bill.
If #Hillary is so good at speeches that people pay 250-750k an hour why does nobody go to her free ones?
[This comment has been deleted by #Hillary Clinton]
The helicopter that flew #Hillary around as Sec of State was nicknamed Broomstick 1.
"

#MammaryMonday"
"2 more and I hit the #300Club 

Help an #altright brother out!"
" I didn't mean it to come off as anti-christian as it did. My feelings about Christianity are that the traditions are valuable and the people should not be forced to change those beliefs but MODERN Christianity has become weak, impotent and incapable of defending itself. I'm all for #DeusVult"
"Paganism is far older than Christianity, is native to Europeans, has better teachings, is more interesting (which is why Christians had to steal pagan holidays and customs for their own religion, though they corrupted them) and it isn't a Jewish sect. #OdinOverJesus"
"Khizr's Kinkies are Licked &amp; The Chappaqua Bimbo's are dicked.

#DickingBimbos"
Life is being really busy right now. (Good busy!) I just wish I had more time to #Gab A few days away from here and I miss the campaign of criminal with Parkinsons trying to connect a cartoon frog with Adolf Hitler.
"As great as he is, Pepe does not represent me or those who think as I do."
"

#BasketOfDeplorables"
"Remember when spinsters just cried themselves to sleep at night surrounded by cats and didn't bother anyone? Now taking miles of random cock is ""empowering.""

#SpeakFreely"
"Multiculturalism will fail.

Considering the source I know most of you will reject it outright, but is anything said within really wrong? Is it hateful? Why?

I have come to believe these words as gospel. Tell me why I'm wrong.

"
"#SwedenYes

"
"Ovening someone just because theyre jewish? Do you think I am some kind of fucking nazi?
But srsly this is #Gab all are welcome. I love debates with Jews. Sure, I wanna oven the Rothschilds but better part of em can just go live happily in Israel or New York. You on the other hand are #FurnaceFuel"
 Be patient! crematory retorts take time to heat up. If youre in a rush we could do it open air on a grill made of rail ties if you prefer. Since you sound like an obese woman the process should go faster since your bloated corpse full of grease would makes everything go faster. #Âçê
"People who trust Hillary are the same people that would trust a fart an hour after a glass of Mexican tap water.

#BasketOfDeplorables"
Jill Stein is a crystal healing wackjob.  
"I always knew I'd shed followers for some of the things I say.

But It just pleases me greatly that I gain more than I lose every single day.

#GabFam #Gab"
 I'm preheating my oven just for you.
"
‚ÄúA nation can survive its fools, and even the ambitious. But it cannot survive treason from within. An enemy at the gates is less formidable, for he is known and carries his banner openly.""
- Marcus Tullius Cicero, 106-43 BC"
"#Haiku

SS man smiles wide

Deutschland is now Judenfrei

Sadness waking up

#HaikusWithHitler"
 i checked it out too. Interface is very clunky and not intuitive at all. 
" Goldman in the pink, Soros in the stink."
"Where a normal candidate can laugh off a criticism and deflect an uncomfortable question to a talking point, Hillary goes into junkyard dog mode instantly and it's very offputting. They could have chosen ANYONE else and done a better job, maybe even won. 

#BasketOfDeplorables"
"#RacistJokes

What's worse than the Holocaust?

6 million Jews."
" i understand. Its a hard one to work around in ones mind and certainly isnt as simple as ""its the jews!"" (Even though imho... its the Jews... there is some nuance to that statement i will admit) "
 I can't wait for National Socialism 2.0
 likewise. It always seemed like some wild conspiracy theory to me until i started reading up on it. Like most of these things the string pullers bank on people being either too stupid and uninformed or simply unable to grasp the unscrupulousness of this (((group)))
" lol yup, it's supposed to be a safety net not a hammock. As you stated its in the lefts interest to debase society and hook people on the heroin of state handouts. Crony capitalists benefit too from cheap labor. Two sides of same commie. Theres a reason the Warburgs financed reds in Russia."
" hard to keep the incomes of those who work up when redistributed to those who don't. Amount spent on welfare programs is close to the nations ENTIRE GDP from 100 years ago.  Birthrates for welfare folk insane... best of us dont breed because we lose 30%.

Calculated attack on middle class"
"Democracy is the official religion of the West. Now is as good a time as any to question the faith.

#FashTheNation"
"People acting like world leaders dont fully understand the very real consequences of open borders just shows how blinded people really are.

Ethnoreligious conflict is part of the plan. People are left too focused on street war with #muslims to realize they're being plundered by the central bankers."
"""Aleppo my brains at the door."" - Gary Johnson

#WhatIsAleppo"
" they will come to try and ruin it. Just like muslims flee their shitholes only to push to shithole the new country... liberals can't stand the existence of any sphere they can't exert power over. I'm not saying they'll succeed, I'm just saying that'll be the reason the first batch comes."
"Kek. Jewish Daily Forward thinks Trumps '88 generals' is neo-nazi code message. 



But seriously, if that doesn't have you convinced then take a look at this...



#1488"
 Our mistake was giving an inch. Theirs was taking a mile.
"Few years ago liberal parents of a friend of mine overheard him saying ""I wish I could talk to my parents about /pol/"". The following day they took him aside and said he could tell them anything. theyd love him no matter what. ""Who's Paul?"" They asked. 

He decided it was easier to play faggot."
"#FearTheSamurai

"
Mixed up heterogeneous and homogenous in last post! Deleted and reposted. I really need to read things over better.
"Any time a cuck uses Trek as a good example of multiculturalism just remind them that basically every planet in the series' are ethnically homogenous monocultures. When there is a planet with more than one species, plot is always them being at war with each other. 

#StarTrek50 #DontMentionTuvok"
"They came for Twitter and I did nothing because I'm not a faggot. Then they came for Reddit and I did nothing because I'm not a cuckold. Then I celebrated because they were all worthless and were clogging up my internet tubes. 

#Gab #SpeakFreely"
One good thing about #muslims is they're pushing whites towards nationalism.
"On one cold evening,

Instead of coal I chose Jews,

To fuel my furnace.

#Haiku"
 it was either this or 'Death Camp for Cutie'
"Eat shit Goldstein.

#SpeakFreely"
"The anti-thesis of Liberalism is National-Socialism, the third position. This is what (((they))) are trying to avoid at all costs. They must keep goyim materialistic and short-sighted, and divided into interest groups constantly fighting each other, so they can manipulate all.

#1488 #NatSoc"
"Arguing about violence as if it's bad is moralizing and makes for a poor presentation. 
We don't hate commies because they're violent, we hate them because they're violent in the name of promoting the decay and rot in the soul and body of our people.

#BetterDeadThanRed"
 (((Google)))
"#SaudiArabia promotes itself like the Vatican, but instead of one or two priests diddling children and a couple false artifacts, they have mega sex dungeons, sleazy palaces filled with illicit drugs, a booming snuff film business, and the crimes keep piling up. "
 because they know that if you did have to use it there is a 900% chance it would be against a POC
Being too kind to everyone allows the unscrupulous to exploit you for their own interests.
"The burden of calling someone wrong or irrational is that you have to prove them wrong or irrational
to call someone crazy, phobic (irrationally afraid) or hateful (meaniepants, bad intentioned) somehow has no burden to it"
"Despite the UN, major corporations, and MSM taking action from socially left-wing values. The left is definitely anti-estabishment, goy!"
" pretty accurate.
"
"Anytime I hear someone say ""as a white person"" followed by an anti white statement...

"
" just a (((coincidence))) goyim, nothing to see here!"
Its almost like the jews pulling the strings want conflict so they can go about their kikery undetected while we're all too focused on suicide vests and grooming gangs...
"Not sure what this hashtag is all about but since 'Blink 1488' and 'The Tony Danza Tapdance Extravaganza' are both taken... I'd have to go with 'Death Camp for Cutie' as my go to choice for a solid group name. 

#TheBand"
" almost as good as ""Arby's Macht Fries"" "
 Machen Amerika Great. I love it.
"Muslims want to have child brides and Sharia law. Every Muslim nation has laws denying women basic human rights. Rape as form of punishment, death penalty for people who convert to other religion, stoning people who don't adhere to sharia dress.

Absolute marxist lunacy to think they will integrate."
White labor can't compete with mexican and chinese/indian labor because we aren't used to living 14 to a living space all contributing to the bills so we can make it easily. We have to lower our standard of living to compete which is what has been happening drastically
‚ú° run media has our society so mentally diseased that many people would rather their children be abused than experience the HORROR of being called racist.
"Don't let the obvious Muslim problems blind you to the less obvious Jewish question. Make no mistake, there would be no former without the latter.

#1488"
"More White people are noticing that they are deliberately being replaced as a race and surrounded by anti-whites, hateful mass-media indoctrination plus proto-communist educational propaganda.

#altright"
"WooHoo! 600% increase in Nazis on twitter!



Now if only senpai would notice me...

#1488 #WhiteNationalism"
"If you're fucking women you don't love you're helping destroy society and yourself.

#UnderstandingMen

If you're fucking men you don't love you're helping destroy society and yourself.

#UnderstandingWomen

#MakeAryanBabies  #MonogamyBuiltThis"
Censorship is what Democrats do when blacks start leaving the plantation.
"What leftists think white people do in their free time.

"
"May I suggest Africa.

"
"Liberals mad their children are normal.

"
"MFW I'm thinkin of deportations.

"
"Feminism is good.

#ThingsIdiotsSay"
"The more debased and #corrupt our society and nations become, the easier it is to unveil the real destroyers of the world, and our job has never been easier than 2016. "
"#Muslims must have small dicks because I never hear their kids complain about the discomfort.

#SaySomethingOffensive"
"What do Tumblr and KFC have in common?

Both have a high amount of trans fats.



#SaySomethingOffensive #transfats #poz"
"When you try to help needy children but they all #raycis

"
"#Twatter 



#Twexit"
" Free market is best for innovation but needs moral guidance of a state backed by the people. I'm ok with companies selling their wares but when something is harmful to the spirit of the people (like rampant materialism) we need leadership to step in and say ""Were not letting u do that"" "
"Hungary just kicked out the Rothchilds! WEW!

#BasedHungary #StopRothschildBanking"
 Trump isn't Fash (we know this) but if for whatever (((reason))) we get Clinton the next step will basically need to be full Fash if there is to be any hope of turning things around.
 Childrens Services launches Wiener probe. #KEK
"200+ Followers!

#HailVictory "
My pre-workout pump up video. Replace English with Globalist and German with White and you know how I feel. 
#StopCapitalism because buying toilet paper and bread should be a community event.
  #WomenAreRuined because they think it empowering to be fucked and discarded like trash by men for all of their twenties while they ignore good husbands until their looks and ovaries have dried up and the only one wholl take them is a #betacuck willing to raise #chadthundercocks bastard child
"I thought Harambe was the best part of the new Ghostbusters film.

#AbsolutelyHarambe"
 this is why there's a surge in people going to places like /pol/ and coming to 1488ers with honest inquiries. When you call everyone right of communism 'Nazis' there's a chance you'll push a few right over. If youre gonna get called one anyway might aswell enjoy cool boots and haircuts.
"Its not the task of national leadership to surrender what has grown organically to the theoretical principle of an unrestrained fantasy of equality. It is its duty to raise the spirit of the people and thus the concept of the nation as such beyond all shadow of a doubt.

#Nationalism #StopMarxism"
"""Social Justice"" is what happens when you win the Cold War on the map and lose it in the university."
"Feminists around the world.

"
"#SaySomethingOffensive

There's nothing wrong with being White. "
 Instead there's about 15 million of (((other people))) you could get rid of and then you wouldn't have to go through all those bigger hassles.
"

#DoubleStandards "
 One could even make an argument that we engage in a kind of reverse colonialism. Brain drain these developing nations of the people with the most drive and (dare I say) intelligence. How can nations succeed if we take those most likely to foment change? Plus we also take the worst now too
"#MakeAMovieTendie

Man of Feel"
"When blissful ignorance meets brutal reality.



#ImOnFireRedpillMe"
Suppressing the truth is like holding a beachball underwater..when it slips free it will rocket to everyone's attention. #FactsAreNotHate
"This is who the Globalists want to destroy and replace with ISIS.



Say what will about how ruthless these secular dictators are but I'll take a secular one who doesn't put his wife in a tarp over barbaric death cultists any day of the week.

#AssadNotBad"
" It's ok. A lot of us were there once. Here's a short summary of the journey I took. 

"
"MFW CNN's numbers keep tanking.

"
 Egypt still has the pyramids and look what an oasis of wonderment they are to this day /s
Get out of my head!
"I'm not sure what's more offensive... That Harambe had personal photos hacked or that Leslie Jones was shot and killed trying to protect a kid who fell into her enclosure.

#HarambeNudes #PrayForLeslie #Harambe #LeslieMatters"
"It's a pretty fucking big coincidence that the only parts in the Quran that don't seem to get translated ""correctly"" are the violent quotes, but the peaceful quotes are translated properly.

#SaySomethingOffensive #PissBeUponHim #ReligionOfPeace
"
"Just a friendly reminder that you can go to jail in Canada for telling the truth. USA hold on to that first ammendment!



#CuckstinTurdeau #CuckedCanada #Gulags4All #SpeakFreely"
 those who control the media smell of bagels and babka.
"Smoking



#SmokingHotRetro"
"""We can't control the ketchup but we can control the streets""

#Imperium #HowSJWsThinkWeTalk"
"Just saw Imperium and I have to laugh... as far as I can tell the takeaway was ""we need to be more afraid of the wholesome family/community oriented white man than anyone else. Especially muslims""

#imperium #hollywoodlies #liberalpropaganda  #agitprop"
"Fun on the merry-go-round.

#TRIGGERED

"
"Sticks and stones may break my bones but words mean I get to break your bones with sticks and stones!

#LiberalHypocrisy"
" if exchanged the populations of Japan and Mexico, would the character of the nations change? Of course. Mexico would be a Japanese nation, Japanese-speaking with Japanese culture and character. Japan would become Mexico. Geography not magical, people determine the nation.
#buildthewall #nationalism"
 they want the NKVD
 the conditioning is strong.
"Only the police should carry guns.

The police are the KKK.

#LiberalHypocrisy"
 (((Marxists)))
"#MakeAMovieWeiner

City Dickers"
"Cuck discovers /pol/



#ImportCucks"
"#SaySomethingNotOffensive

There once was a man from Nantucket. He was a reasonable person who I got along with amicably."
Skinheads are nothing but pure scum. They infiltrate our movements not because they are NS but because they are violent and hateful people who see our ideology as an excuse for their actions. Everything negative that they do is then used by (((the media))) to demonize even more. Fuck skinheads.
"#ImportCucks

So my (((echoes))) can rustle more jimmies."
